date,wk_num,wk_day_n,wk_day
2016-01-01,0,6,FRIDAY
2016-01-02,0,7,SATURDAY
2016-01-03,1,1,SUNDAY
2016-01-04,1,2,MONDAY
2016-01-05,1,3,TUESDAY
2016-01-06,1,4,WEDNESDAY
2016-01-07,1,5,THURSDAY
2016-01-08,1,6,FRIDAY
2016-01-09,1,7,SATURDAY
2016-01-10,2,1,SUNDAY
2016-01-11,2,2,MONDAY
2016-01-12,2,3,TUESDAY
2016-01-13,2,4,WEDNESDAY
2016-01-14,2,5,THURSDAY
2016-01-15,2,6,FRIDAY
2016-01-16,2,7,SATURDAY
2016-01-17,3,1,SUNDAY
2016-01-18,3,2,MONDAY
2016-01-19,3,3,TUESDAY
2016-01-20,3,4,WEDNESDAY
2016-01-21,3,5,THURSDAY
2016-01-22,3,6,FRIDAY
2016-01-23,3,7,SATURDAY
2016-01-24,4,1,SUNDAY
2016-01-25,4,2,MONDAY
2016-01-26,4,3,TUESDAY
2016-01-27,4,4,WEDNESDAY
2016-01-28,4,5,THURSDAY
2016-01-29,4,6,FRIDAY
2016-01-30,4,7,SATURDAY
2016-01-31,5,1,SUNDAY
2016-02-01,5,2,MONDAY
2016-02-02,5,3,TUESDAY
2016-02-03,5,4,WEDNESDAY
2016-02-04,5,5,THURSDAY
2016-02-05,5,6,FRIDAY
2016-02-06,5,7,SATURDAY
2016-02-07,6,1,SUNDAY
2016-02-08,6,2,MONDAY
2016-02-09,6,3,TUESDAY
2016-02-10,6,4,WEDNESDAY
2016-02-11,6,5,THURSDAY
2016-02-12,6,6,FRIDAY
2016-02-13,6,7,SATURDAY
2016-02-14,7,1,SUNDAY
2016-02-15,7,2,MONDAY
2016-02-16,7,3,TUESDAY
2016-02-17,7,4,WEDNESDAY
2016-02-18,7,5,THURSDAY
2016-02-19,7,6,FRIDAY
2016-02-20,7,7,SATURDAY
2016-02-21,8,1,SUNDAY
2016-02-22,8,2,MONDAY
2016-02-23,8,3,TUESDAY
2016-02-24,8,4,WEDNESDAY
2016-02-25,8,5,THURSDAY
2016-02-26,8,6,FRIDAY
2016-02-27,8,7,SATURDAY
2016-02-28,9,1,SUNDAY
2016-02-29,9,2,MONDAY
2016-03-01,9,3,TUESDAY
2016-03-02,9,4,WEDNESDAY
2016-03-03,9,5,THURSDAY
2016-03-04,9,6,FRIDAY
2016-03-05,9,7,SATURDAY
2016-03-06,10,1,SUNDAY
2016-03-07,10,2,MONDAY
2016-03-08,10,3,TUESDAY
2016-03-09,10,4,WEDNESDAY
2016-03-10,10,5,THURSDAY
2016-03-11,10,6,FRIDAY
2016-03-12,10,7,SATURDAY
2016-03-13,11,1,SUNDAY
2016-03-14,11,2,MONDAY
2016-03-15,11,3,TUESDAY
2016-03-16,11,4,WEDNESDAY
2016-03-17,11,5,THURSDAY
2016-03-18,11,6,FRIDAY
2016-03-19,11,7,SATURDAY
2016-03-20,12,1,SUNDAY
2016-03-21,12,2,MONDAY
2016-03-22,12,3,TUESDAY
2016-03-23,12,4,WEDNESDAY
2016-03-24,12,5,THURSDAY
2016-03-25,12,6,FRIDAY
2016-03-26,12,7,SATURDAY
2016-03-27,13,1,SUNDAY
2016-03-28,13,2,MONDAY
2016-03-29,13,3,TUESDAY
2016-03-30,13,4,WEDNESDAY
2016-03-31,13,5,THURSDAY
2016-04-01,13,6,FRIDAY
2016-04-02,13,7,SATURDAY
2016-04-03,14,1,SUNDAY
2016-04-04,14,2,MONDAY
2016-04-05,14,3,TUESDAY
2016-04-06,14,4,WEDNESDAY
2016-04-07,14,5,THURSDAY
2016-04-08,14,6,FRIDAY
2016-04-09,14,7,SATURDAY
2016-04-10,15,1,SUNDAY
2016-04-11,15,2,MONDAY
2016-04-12,15,3,TUESDAY
2016-04-13,15,4,WEDNESDAY
2016-04-14,15,5,THURSDAY
2016-04-15,15,6,FRIDAY
2016-04-16,15,7,SATURDAY
2016-04-17,16,1,SUNDAY
2016-04-18,16,2,MONDAY
2016-04-19,16,3,TUESDAY
2016-04-20,16,4,WEDNESDAY
2016-04-21,16,5,THURSDAY
2016-04-22,16,6,FRIDAY
2016-04-23,16,7,SATURDAY
2016-04-24,17,1,SUNDAY
2016-04-25,17,2,MONDAY
2016-04-26,17,3,TUESDAY
2016-04-27,17,4,WEDNESDAY
2016-04-28,17,5,THURSDAY
2016-04-29,17,6,FRIDAY
2016-04-30,17,7,SATURDAY
2016-05-01,18,1,SUNDAY
2016-05-02,18,2,MONDAY
2016-05-03,18,3,TUESDAY
2016-05-04,18,4,WEDNESDAY
2016-05-05,18,5,THURSDAY
2016-05-06,18,6,FRIDAY
2016-05-07,18,7,SATURDAY
2016-05-08,19,1,SUNDAY
2016-05-09,19,2,MONDAY
2016-05-10,19,3,TUESDAY
2016-05-11,19,4,WEDNESDAY
2016-05-12,19,5,THURSDAY
2016-05-13,19,6,FRIDAY
2016-05-14,19,7,SATURDAY
2016-05-15,20,1,SUNDAY
2016-05-16,20,2,MONDAY
2016-05-17,20,3,TUESDAY
2016-05-18,20,4,WEDNESDAY
2016-05-19,20,5,THURSDAY
2016-05-20,20,6,FRIDAY
2016-05-21,20,7,SATURDAY
2016-05-22,21,1,SUNDAY
2016-05-23,21,2,MONDAY
2016-05-24,21,3,TUESDAY
2016-05-25,21,4,WEDNESDAY
2016-05-26,21,5,THURSDAY
2016-05-27,21,6,FRIDAY
2016-05-28,21,7,SATURDAY
2016-05-29,22,1,SUNDAY
2016-05-30,22,2,MONDAY
2016-05-31,22,3,TUESDAY
2016-06-01,22,4,WEDNESDAY
2016-06-02,22,5,THURSDAY
2016-06-03,22,6,FRIDAY
2016-06-04,22,7,SATURDAY
2016-06-05,23,1,SUNDAY
2016-06-06,23,2,MONDAY
2016-06-07,23,3,TUESDAY
2016-06-08,23,4,WEDNESDAY
2016-06-09,23,5,THURSDAY
2016-06-10,23,6,FRIDAY
2016-06-11,23,7,SATURDAY
2016-06-12,24,1,SUNDAY
2016-06-13,24,2,MONDAY
2016-06-14,24,3,TUESDAY
2016-06-15,24,4,WEDNESDAY
2016-06-16,24,5,THURSDAY
2016-06-17,24,6,FRIDAY
2016-06-18,24,7,SATURDAY
2016-06-19,25,1,SUNDAY
2016-06-20,25,2,MONDAY
2016-06-21,25,3,TUESDAY
2016-06-22,25,4,WEDNESDAY
2016-06-23,25,5,THURSDAY
2016-06-24,25,6,FRIDAY
2016-06-25,25,7,SATURDAY
2016-06-26,26,1,SUNDAY
2016-06-27,26,2,MONDAY
2016-06-28,26,3,TUESDAY
2016-06-29,26,4,WEDNESDAY
2016-06-30,26,5,THURSDAY
2016-07-01,26,6,FRIDAY
2016-07-02,26,7,SATURDAY
2016-07-03,27,1,SUNDAY
2016-07-04,27,2,MONDAY
2016-07-05,27,3,TUESDAY
2016-07-06,27,4,WEDNESDAY
2016-07-07,27,5,THURSDAY
2016-07-08,27,6,FRIDAY
2016-07-09,27,7,SATURDAY
2016-07-10,28,1,SUNDAY
2016-07-11,28,2,MONDAY
2016-07-12,28,3,TUESDAY
2016-07-13,28,4,WEDNESDAY
2016-07-14,28,5,THURSDAY
2016-07-15,28,6,FRIDAY
2016-07-16,28,7,SATURDAY
2016-07-17,29,1,SUNDAY
2016-07-18,29,2,MONDAY
2016-07-19,29,3,TUESDAY
2016-07-20,29,4,WEDNESDAY
2016-07-21,29,5,THURSDAY
2016-07-22,29,6,FRIDAY
2016-07-23,29,7,SATURDAY
2016-07-24,30,1,SUNDAY
2016-07-25,30,2,MONDAY
2016-07-26,30,3,TUESDAY
2016-07-27,30,4,WEDNESDAY
2016-07-28,30,5,THURSDAY
2016-07-29,30,6,FRIDAY
2016-07-30,30,7,SATURDAY
2016-07-31,31,1,SUNDAY
2016-08-01,31,2,MONDAY
2016-08-02,31,3,TUESDAY
2016-08-03,31,4,WEDNESDAY
2016-08-04,31,5,THURSDAY
2016-08-05,31,6,FRIDAY
2016-08-06,31,7,SATURDAY
2016-08-07,32,1,SUNDAY
2016-08-08,32,2,MONDAY
2016-08-09,32,3,TUESDAY
2016-08-10,32,4,WEDNESDAY
2016-08-11,32,5,THURSDAY
2016-08-12,32,6,FRIDAY
2016-08-13,32,7,SATURDAY
2016-08-14,33,1,SUNDAY
2016-08-15,33,2,MONDAY
2016-08-16,33,3,TUESDAY
2016-08-17,33,4,WEDNESDAY
2016-08-18,33,5,THURSDAY
2016-08-19,33,6,FRIDAY
2016-08-20,33,7,SATURDAY
2016-08-21,34,1,SUNDAY
2016-08-22,34,2,MONDAY
2016-08-23,34,3,TUESDAY
2016-08-24,34,4,WEDNESDAY
2016-08-25,34,5,THURSDAY
2016-08-26,34,6,FRIDAY
2016-08-27,34,7,SATURDAY
2016-08-28,35,1,SUNDAY
2016-08-29,35,2,MONDAY
2016-08-30,35,3,TUESDAY
2016-08-31,35,4,WEDNESDAY
2016-09-01,35,5,THURSDAY
2016-09-02,35,6,FRIDAY
2016-09-03,35,7,SATURDAY
2016-09-04,36,1,SUNDAY
2016-09-05,36,2,MONDAY
2016-09-06,36,3,TUESDAY
2016-09-07,36,4,WEDNESDAY
2016-09-08,36,5,THURSDAY
2016-09-09,36,6,FRIDAY
2016-09-10,36,7,SATURDAY
2016-09-11,37,1,SUNDAY
2016-09-12,37,2,MONDAY
2016-09-13,37,3,TUESDAY
2016-09-14,37,4,WEDNESDAY
2016-09-15,37,5,THURSDAY
2016-09-16,37,6,FRIDAY
2016-09-17,37,7,SATURDAY
2016-09-18,38,1,SUNDAY
2016-09-19,38,2,MONDAY
2016-09-20,38,3,TUESDAY
2016-09-21,38,4,WEDNESDAY
2016-09-22,38,5,THURSDAY
2016-09-23,38,6,FRIDAY
2016-09-24,38,7,SATURDAY
2016-09-25,39,1,SUNDAY
2016-09-26,39,2,MONDAY
2016-09-27,39,3,TUESDAY
2016-09-28,39,4,WEDNESDAY
2016-09-29,39,5,THURSDAY
2016-09-30,39,6,FRIDAY
2016-10-01,39,7,SATURDAY
2016-10-02,40,1,SUNDAY
2016-10-03,40,2,MONDAY
2016-10-04,40,3,TUESDAY
2016-10-05,40,4,WEDNESDAY
2016-10-06,40,5,THURSDAY
2016-10-07,40,6,FRIDAY
2016-10-08,40,7,SATURDAY
2016-10-09,41,1,SUNDAY
2016-10-10,41,2,MONDAY
2016-10-11,41,3,TUESDAY
2016-10-12,41,4,WEDNESDAY
2016-10-13,41,5,THURSDAY
2016-10-14,41,6,FRIDAY
2016-10-15,41,7,SATURDAY
2016-10-16,42,1,SUNDAY
2016-10-17,42,2,MONDAY
2016-10-18,42,3,TUESDAY
2016-10-19,42,4,WEDNESDAY
2016-10-20,42,5,THURSDAY
2016-10-21,42,6,FRIDAY
2016-10-22,42,7,SATURDAY
2016-10-23,43,1,SUNDAY
2016-10-24,43,2,MONDAY
2016-10-25,43,3,TUESDAY
2016-10-26,43,4,WEDNESDAY
2016-10-27,43,5,THURSDAY
2016-10-28,43,6,FRIDAY
2016-10-29,43,7,SATURDAY
2016-10-30,44,1,SUNDAY
2016-10-31,44,2,MONDAY
2016-11-01,44,3,TUESDAY
2016-11-02,44,4,WEDNESDAY
2016-11-03,44,5,THURSDAY
2016-11-04,44,6,FRIDAY
2016-11-05,44,7,SATURDAY
2016-11-06,45,1,SUNDAY
2016-11-07,45,2,MONDAY
2016-11-08,45,3,TUESDAY
2016-11-09,45,4,WEDNESDAY
2016-11-10,45,5,THURSDAY
2016-11-11,45,6,FRIDAY
2016-11-12,45,7,SATURDAY
2016-11-13,46,1,SUNDAY
2016-11-14,46,2,MONDAY
2016-11-15,46,3,TUESDAY
2016-11-16,46,4,WEDNESDAY
2016-11-17,46,5,THURSDAY
2016-11-18,46,6,FRIDAY
2016-11-19,46,7,SATURDAY
2016-11-20,47,1,SUNDAY
2016-11-21,47,2,MONDAY
2016-11-22,47,3,TUESDAY
2016-11-23,47,4,WEDNESDAY
2016-11-24,47,5,THURSDAY
2016-11-25,47,6,FRIDAY
2016-11-26,47,7,SATURDAY
2016-11-27,48,1,SUNDAY
2016-11-28,48,2,MONDAY
2016-11-29,48,3,TUESDAY
2016-11-30,48,4,WEDNESDAY
2016-12-01,48,5,THURSDAY
2016-12-02,48,6,FRIDAY
2016-12-03,48,7,SATURDAY
2016-12-04,49,1,SUNDAY
2016-12-05,49,2,MONDAY
2016-12-06,49,3,TUESDAY
2016-12-07,49,4,WEDNESDAY
2016-12-08,49,5,THURSDAY
2016-12-09,49,6,FRIDAY
2016-12-10,49,7,SATURDAY
2016-12-11,50,1,SUNDAY
2016-12-12,50,2,MONDAY
2016-12-13,50,3,TUESDAY
2016-12-14,50,4,WEDNESDAY
2016-12-15,50,5,THURSDAY
2016-12-16,50,6,FRIDAY
2016-12-17,50,7,SATURDAY
2016-12-18,51,1,SUNDAY
2016-12-19,51,2,MONDAY
2016-12-20,51,3,TUESDAY
2016-12-21,51,4,WEDNESDAY
2016-12-22,51,5,THURSDAY
2016-12-23,51,6,FRIDAY
2016-12-24,51,7,SATURDAY
2016-12-25,52,1,SUNDAY
2016-12-26,52,2,MONDAY
2016-12-27,52,3,TUESDAY
2016-12-28,52,4,WEDNESDAY
2016-12-29,52,5,THURSDAY
2016-12-30,52,6,FRIDAY
2016-12-31,52,7,SATURDAY
2017-01-01,53,1,SUNDAY
2017-01-02,53,2,MONDAY
2017-01-03,53,3,TUESDAY
2017-01-04,53,4,WEDNESDAY
2017-01-05,53,5,THURSDAY
2017-01-06,53,6,FRIDAY
2017-01-07,53,7,SATURDAY
2017-01-08,54,1,SUNDAY
2017-01-09,54,2,MONDAY
2017-01-10,54,3,TUESDAY
2017-01-11,54,4,WEDNESDAY
2017-01-12,54,5,THURSDAY
2017-01-13,54,6,FRIDAY
2017-01-14,54,7,SATURDAY
2017-01-15,55,1,SUNDAY
2017-01-16,55,2,MONDAY
2017-01-17,55,3,TUESDAY
2017-01-18,55,4,WEDNESDAY
2017-01-19,55,5,THURSDAY
2017-01-20,55,6,FRIDAY
2017-01-21,55,7,SATURDAY
2017-01-22,56,1,SUNDAY
2017-01-23,56,2,MONDAY
2017-01-24,56,3,TUESDAY
2017-01-25,56,4,WEDNESDAY
2017-01-26,56,5,THURSDAY
2017-01-27,56,6,FRIDAY
2017-01-28,56,7,SATURDAY
2017-01-29,57,1,SUNDAY
2017-01-30,57,2,MONDAY
2017-01-31,57,3,TUESDAY
2017-02-01,57,4,WEDNESDAY
2017-02-02,57,5,THURSDAY
2017-02-03,57,6,FRIDAY
2017-02-04,57,7,SATURDAY
2017-02-05,58,1,SUNDAY
2017-02-06,58,2,MONDAY
2017-02-07,58,3,TUESDAY
2017-02-08,58,4,WEDNESDAY
2017-02-09,58,5,THURSDAY
2017-02-10,58,6,FRIDAY
2017-02-11,58,7,SATURDAY
2017-02-12,59,1,SUNDAY
2017-02-13,59,2,MONDAY
2017-02-14,59,3,TUESDAY
2017-02-15,59,4,WEDNESDAY
2017-02-16,59,5,THURSDAY
2017-02-17,59,6,FRIDAY
2017-02-18,59,7,SATURDAY
2017-02-19,60,1,SUNDAY
2017-02-20,60,2,MONDAY
2017-02-21,60,3,TUESDAY
2017-02-22,60,4,WEDNESDAY
2017-02-23,60,5,THURSDAY
2017-02-24,60,6,FRIDAY
2017-02-25,60,7,SATURDAY
2017-02-26,61,1,SUNDAY
2017-02-27,61,2,MONDAY
2017-02-28,61,3,TUESDAY
2017-03-01,61,4,WEDNESDAY
2017-03-02,61,5,THURSDAY
2017-03-03,61,6,FRIDAY
2017-03-04,61,7,SATURDAY
2017-03-05,62,1,SUNDAY
2017-03-06,62,2,MONDAY
2017-03-07,62,3,TUESDAY
2017-03-08,62,4,WEDNESDAY
2017-03-09,62,5,THURSDAY
2017-03-10,62,6,FRIDAY
2017-03-11,62,7,SATURDAY
2017-03-12,63,1,SUNDAY
2017-03-13,63,2,MONDAY
2017-03-14,63,3,TUESDAY
2017-03-15,63,4,WEDNESDAY
2017-03-16,63,5,THURSDAY
2017-03-17,63,6,FRIDAY
2017-03-18,63,7,SATURDAY
2017-03-19,64,1,SUNDAY
2017-03-20,64,2,MONDAY
2017-03-21,64,3,TUESDAY
2017-03-22,64,4,WEDNESDAY
2017-03-23,64,5,THURSDAY
2017-03-24,64,6,FRIDAY
2017-03-25,64,7,SATURDAY
2017-03-26,65,1,SUNDAY
2017-03-27,65,2,MONDAY
2017-03-28,65,3,TUESDAY
2017-03-29,65,4,WEDNESDAY
2017-03-30,65,5,THURSDAY
2017-03-31,65,6,FRIDAY
2017-04-01,65,7,SATURDAY
2017-04-02,66,1,SUNDAY
2017-04-03,66,2,MONDAY
2017-04-04,66,3,TUESDAY
2017-04-05,66,4,WEDNESDAY
2017-04-06,66,5,THURSDAY
2017-04-07,66,6,FRIDAY
2017-04-08,66,7,SATURDAY
2017-04-09,67,1,SUNDAY
2017-04-10,67,2,MONDAY
2017-04-11,67,3,TUESDAY
2017-04-12,67,4,WEDNESDAY
2017-04-13,67,5,THURSDAY
2017-04-14,67,6,FRIDAY
2017-04-15,67,7,SATURDAY
2017-04-16,68,1,SUNDAY
2017-04-17,68,2,MONDAY
2017-04-18,68,3,TUESDAY
2017-04-19,68,4,WEDNESDAY
2017-04-20,68,5,THURSDAY
2017-04-21,68,6,FRIDAY
2017-04-22,68,7,SATURDAY
2017-04-23,69,1,SUNDAY
2017-04-24,69,2,MONDAY
2017-04-25,69,3,TUESDAY
2017-04-26,69,4,WEDNESDAY
2017-04-27,69,5,THURSDAY
2017-04-28,69,6,FRIDAY
2017-04-29,69,7,SATURDAY
2017-04-30,70,1,SUNDAY
2017-05-01,70,2,MONDAY
2017-05-02,70,3,TUESDAY
2017-05-03,70,4,WEDNESDAY
2017-05-04,70,5,THURSDAY
2017-05-05,70,6,FRIDAY
2017-05-06,70,7,SATURDAY
2017-05-07,71,1,SUNDAY
2017-05-08,71,2,MONDAY
2017-05-09,71,3,TUESDAY
2017-05-10,71,4,WEDNESDAY
2017-05-11,71,5,THURSDAY
2017-05-12,71,6,FRIDAY
2017-05-13,71,7,SATURDAY
2017-05-14,72,1,SUNDAY
2017-05-15,72,2,MONDAY
2017-05-16,72,3,TUESDAY
2017-05-17,72,4,WEDNESDAY
2017-05-18,72,5,THURSDAY
2017-05-19,72,6,FRIDAY
2017-05-20,72,7,SATURDAY
2017-05-21,73,1,SUNDAY
2017-05-22,73,2,MONDAY
2017-05-23,73,3,TUESDAY
2017-05-24,73,4,WEDNESDAY
2017-05-25,73,5,THURSDAY
2017-05-26,73,6,FRIDAY
2017-05-27,73,7,SATURDAY
2017-05-28,74,1,SUNDAY
2017-05-29,74,2,MONDAY
2017-05-30,74,3,TUESDAY
2017-05-31,74,4,WEDNESDAY
2017-06-01,74,5,THURSDAY
2017-06-02,74,6,FRIDAY
2017-06-03,74,7,SATURDAY
2017-06-04,75,1,SUNDAY
2017-06-05,75,2,MONDAY
2017-06-06,75,3,TUESDAY
2017-06-07,75,4,WEDNESDAY
2017-06-08,75,5,THURSDAY
2017-06-09,75,6,FRIDAY
2017-06-10,75,7,SATURDAY
2017-06-11,76,1,SUNDAY
2017-06-12,76,2,MONDAY
2017-06-13,76,3,TUESDAY
2017-06-14,76,4,WEDNESDAY
2017-06-15,76,5,THURSDAY
2017-06-16,76,6,FRIDAY
2017-06-17,76,7,SATURDAY
2017-06-18,77,1,SUNDAY
2017-06-19,77,2,MONDAY
2017-06-20,77,3,TUESDAY
2017-06-21,77,4,WEDNESDAY
2017-06-22,77,5,THURSDAY
2017-06-23,77,6,FRIDAY
2017-06-24,77,7,SATURDAY
2017-06-25,78,1,SUNDAY
2017-06-26,78,2,MONDAY
2017-06-27,78,3,TUESDAY
2017-06-28,78,4,WEDNESDAY
2017-06-29,78,5,THURSDAY
2017-06-30,78,6,FRIDAY
2017-07-01,78,7,SATURDAY
2017-07-02,79,1,SUNDAY
2017-07-03,79,2,MONDAY
2017-07-04,79,3,TUESDAY
2017-07-05,79,4,WEDNESDAY
2017-07-06,79,5,THURSDAY
2017-07-07,79,6,FRIDAY
2017-07-08,79,7,SATURDAY
2017-07-09,80,1,SUNDAY
2017-07-10,80,2,MONDAY
2017-07-11,80,3,TUESDAY
2017-07-12,80,4,WEDNESDAY
2017-07-13,80,5,THURSDAY
2017-07-14,80,6,FRIDAY
2017-07-15,80,7,SATURDAY
2017-07-16,81,1,SUNDAY
2017-07-17,81,2,MONDAY
2017-07-18,81,3,TUESDAY
2017-07-19,81,4,WEDNESDAY
2017-07-20,81,5,THURSDAY
2017-07-21,81,6,FRIDAY
2017-07-22,81,7,SATURDAY
2017-07-23,82,1,SUNDAY
2017-07-24,82,2,MONDAY
2017-07-25,82,3,TUESDAY
2017-07-26,82,4,WEDNESDAY
2017-07-27,82,5,THURSDAY
2017-07-28,82,6,FRIDAY
2017-07-29,82,7,SATURDAY
2017-07-30,83,1,SUNDAY
2017-07-31,83,2,MONDAY
2017-08-01,83,3,TUESDAY
2017-08-02,83,4,WEDNESDAY
2017-08-03,83,5,THURSDAY
2017-08-04,83,6,FRIDAY
2017-08-05,83,7,SATURDAY
2017-08-06,84,1,SUNDAY
2017-08-07,84,2,MONDAY
2017-08-08,84,3,TUESDAY
2017-08-09,84,4,WEDNESDAY
2017-08-10,84,5,THURSDAY
2017-08-11,84,6,FRIDAY
2017-08-12,84,7,SATURDAY
2017-08-13,85,1,SUNDAY
2017-08-14,85,2,MONDAY
2017-08-15,85,3,TUESDAY
2017-08-16,85,4,WEDNESDAY
2017-08-17,85,5,THURSDAY
2017-08-18,85,6,FRIDAY
2017-08-19,85,7,SATURDAY
2017-08-20,86,1,SUNDAY
2017-08-21,86,2,MONDAY
2017-08-22,86,3,TUESDAY
2017-08-23,86,4,WEDNESDAY
2017-08-24,86,5,THURSDAY
2017-08-25,86,6,FRIDAY
2017-08-26,86,7,SATURDAY
2017-08-27,87,1,SUNDAY
2017-08-28,87,2,MONDAY
2017-08-29,87,3,TUESDAY
2017-08-30,87,4,WEDNESDAY
2017-08-31,87,5,THURSDAY
2017-09-01,87,6,FRIDAY
2017-09-02,87,7,SATURDAY
2017-09-03,88,1,SUNDAY
2017-09-04,88,2,MONDAY
2017-09-05,88,3,TUESDAY
2017-09-06,88,4,WEDNESDAY
2017-09-07,88,5,THURSDAY
2017-09-08,88,6,FRIDAY
2017-09-09,88,7,SATURDAY
2017-09-10,89,1,SUNDAY
2017-09-11,89,2,MONDAY
2017-09-12,89,3,TUESDAY
2017-09-13,89,4,WEDNESDAY
2017-09-14,89,5,THURSDAY
2017-09-15,89,6,FRIDAY
2017-09-16,89,7,SATURDAY
2017-09-17,90,1,SUNDAY
2017-09-18,90,2,MONDAY
2017-09-19,90,3,TUESDAY
2017-09-20,90,4,WEDNESDAY
2017-09-21,90,5,THURSDAY
2017-09-22,90,6,FRIDAY
2017-09-23,90,7,SATURDAY
2017-09-24,91,1,SUNDAY
2017-09-25,91,2,MONDAY
2017-09-26,91,3,TUESDAY
2017-09-27,91,4,WEDNESDAY
2017-09-28,91,5,THURSDAY
2017-09-29,91,6,FRIDAY
2017-09-30,91,7,SATURDAY
2017-10-01,92,1,SUNDAY
2017-10-02,92,2,MONDAY
2017-10-03,92,3,TUESDAY
2017-10-04,92,4,WEDNESDAY
2017-10-05,92,5,THURSDAY
2017-10-06,92,6,FRIDAY
2017-10-07,92,7,SATURDAY
2017-10-08,93,1,SUNDAY
2017-10-09,93,2,MONDAY
2017-10-10,93,3,TUESDAY
2017-10-11,93,4,WEDNESDAY
2017-10-12,93,5,THURSDAY
2017-10-13,93,6,FRIDAY
2017-10-14,93,7,SATURDAY
2017-10-15,94,1,SUNDAY
2017-10-16,94,2,MONDAY
2017-10-17,94,3,TUESDAY
2017-10-18,94,4,WEDNESDAY
2017-10-19,94,5,THURSDAY
2017-10-20,94,6,FRIDAY
2017-10-21,94,7,SATURDAY
2017-10-22,95,1,SUNDAY
2017-10-23,95,2,MONDAY
2017-10-24,95,3,TUESDAY
2017-10-25,95,4,WEDNESDAY
2017-10-26,95,5,THURSDAY
2017-10-27,95,6,FRIDAY
2017-10-28,95,7,SATURDAY
2017-10-29,96,1,SUNDAY
2017-10-30,96,2,MONDAY
2017-10-31,96,3,TUESDAY
2017-11-01,96,4,WEDNESDAY
2017-11-02,96,5,THURSDAY
2017-11-03,96,6,FRIDAY
2017-11-04,96,7,SATURDAY
2017-11-05,97,1,SUNDAY
2017-11-06,97,2,MONDAY
2017-11-07,97,3,TUESDAY
2017-11-08,97,4,WEDNESDAY
2017-11-09,97,5,THURSDAY
2017-11-10,97,6,FRIDAY
2017-11-11,97,7,SATURDAY
2017-11-12,98,1,SUNDAY
2017-11-13,98,2,MONDAY
2017-11-14,98,3,TUESDAY
2017-11-15,98,4,WEDNESDAY
2017-11-16,98,5,THURSDAY
2017-11-17,98,6,FRIDAY
2017-11-18,98,7,SATURDAY
2017-11-19,99,1,SUNDAY
2017-11-20,99,2,MONDAY
2017-11-21,99,3,TUESDAY
2017-11-22,99,4,WEDNESDAY
2017-11-23,99,5,THURSDAY
2017-11-24,99,6,FRIDAY
2017-11-25,99,7,SATURDAY
2017-11-26,100,1,SUNDAY
2017-11-27,100,2,MONDAY
2017-11-28,100,3,TUESDAY
2017-11-29,100,4,WEDNESDAY
2017-11-30,100,5,THURSDAY
2017-12-01,100,6,FRIDAY
2017-12-02,100,7,SATURDAY
2017-12-03,101,1,SUNDAY
2017-12-04,101,2,MONDAY
2017-12-05,101,3,TUESDAY
2017-12-06,101,4,WEDNESDAY
2017-12-07,101,5,THURSDAY
2017-12-08,101,6,FRIDAY
2017-12-09,101,7,SATURDAY
2017-12-10,102,1,SUNDAY
2017-12-11,102,2,MONDAY
2017-12-12,102,3,TUESDAY
2017-12-13,102,4,WEDNESDAY
2017-12-14,102,5,THURSDAY
2017-12-15,102,6,FRIDAY
2017-12-16,102,7,SATURDAY
2017-12-17,103,1,SUNDAY
2017-12-18,103,2,MONDAY
2017-12-19,103,3,TUESDAY
2017-12-20,103,4,WEDNESDAY
2017-12-21,103,5,THURSDAY
2017-12-22,103,6,FRIDAY
2017-12-23,103,7,SATURDAY
2017-12-24,104,1,SUNDAY
2017-12-25,104,2,MONDAY
2017-12-26,104,3,TUESDAY
2017-12-27,104,4,WEDNESDAY
2017-12-28,104,5,THURSDAY
2017-12-29,104,6,FRIDAY
2017-12-30,104,7,SATURDAY
2017-12-31,105,1,SUNDAY
2018-01-01,105,2,MONDAY
2018-01-02,105,3,TUESDAY
2018-01-03,105,4,WEDNESDAY
2018-01-04,105,5,THURSDAY
2018-01-05,105,6,FRIDAY
2018-01-06,105,7,SATURDAY
2018-01-07,106,1,SUNDAY
2018-01-08,106,2,MONDAY
2018-01-09,106,3,TUESDAY
2018-01-10,106,4,WEDNESDAY
2018-01-11,106,5,THURSDAY
2018-01-12,106,6,FRIDAY
2018-01-13,106,7,SATURDAY
2018-01-14,107,1,SUNDAY
2018-01-15,107,2,MONDAY
2018-01-16,107,3,TUESDAY
2018-01-17,107,4,WEDNESDAY
2018-01-18,107,5,THURSDAY
2018-01-19,107,6,FRIDAY
2018-01-20,107,7,SATURDAY
2018-01-21,108,1,SUNDAY
2018-01-22,108,2,MONDAY
2018-01-23,108,3,TUESDAY
2018-01-24,108,4,WEDNESDAY
2018-01-25,108,5,THURSDAY
2018-01-26,108,6,FRIDAY
2018-01-27,108,7,SATURDAY
2018-01-28,109,1,SUNDAY
2018-01-29,109,2,MONDAY
2018-01-30,109,3,TUESDAY
2018-01-31,109,4,WEDNESDAY
2018-02-01,109,5,THURSDAY
2018-02-02,109,6,FRIDAY
2018-02-03,109,7,SATURDAY
2018-02-04,110,1,SUNDAY
2018-02-05,110,2,MONDAY
2018-02-06,110,3,TUESDAY
2018-02-07,110,4,WEDNESDAY
2018-02-08,110,5,THURSDAY
2018-02-09,110,6,FRIDAY
2018-02-10,110,7,SATURDAY
2018-02-11,111,1,SUNDAY
2018-02-12,111,2,MONDAY
2018-02-13,111,3,TUESDAY
2018-02-14,111,4,WEDNESDAY
2018-02-15,111,5,THURSDAY
2018-02-16,111,6,FRIDAY
2018-02-17,111,7,SATURDAY
2018-02-18,112,1,SUNDAY
2018-02-19,112,2,MONDAY
2018-02-20,112,3,TUESDAY
2018-02-21,112,4,WEDNESDAY
2018-02-22,112,5,THURSDAY
2018-02-23,112,6,FRIDAY
2018-02-24,112,7,SATURDAY
2018-02-25,113,1,SUNDAY
2018-02-26,113,2,MONDAY
2018-02-27,113,3,TUESDAY
2018-02-28,113,4,WEDNESDAY
2018-03-01,113,5,THURSDAY
2018-03-02,113,6,FRIDAY
2018-03-03,113,7,SATURDAY
2018-03-04,114,1,SUNDAY
2018-03-05,114,2,MONDAY
2018-03-06,114,3,TUESDAY
2018-03-07,114,4,WEDNESDAY
2018-03-08,114,5,THURSDAY
2018-03-09,114,6,FRIDAY
2018-03-10,114,7,SATURDAY
2018-03-11,115,1,SUNDAY
2018-03-12,115,2,MONDAY
2018-03-13,115,3,TUESDAY
2018-03-14,115,4,WEDNESDAY
2018-03-15,115,5,THURSDAY
2018-03-16,115,6,FRIDAY
2018-03-17,115,7,SATURDAY
2018-03-18,116,1,SUNDAY
2018-03-19,116,2,MONDAY
2018-03-20,116,3,TUESDAY
2018-03-21,116,4,WEDNESDAY
2018-03-22,116,5,THURSDAY
2018-03-23,116,6,FRIDAY
2018-03-24,116,7,SATURDAY
2018-03-25,117,1,SUNDAY
2018-03-26,117,2,MONDAY
2018-03-27,117,3,TUESDAY
2018-03-28,117,4,WEDNESDAY
2018-03-29,117,5,THURSDAY
2018-03-30,117,6,FRIDAY
2018-03-31,117,7,SATURDAY
2018-04-01,118,1,SUNDAY
2018-04-02,118,2,MONDAY
2018-04-03,118,3,TUESDAY
2018-04-04,118,4,WEDNESDAY
2018-04-05,118,5,THURSDAY
2018-04-06,118,6,FRIDAY
2018-04-07,118,7,SATURDAY
2018-04-08,119,1,SUNDAY
2018-04-09,119,2,MONDAY
2018-04-10,119,3,TUESDAY
2018-04-11,119,4,WEDNESDAY
2018-04-12,119,5,THURSDAY
2018-04-13,119,6,FRIDAY
2018-04-14,119,7,SATURDAY
2018-04-15,120,1,SUNDAY
2018-04-16,120,2,MONDAY
2018-04-17,120,3,TUESDAY
2018-04-18,120,4,WEDNESDAY
2018-04-19,120,5,THURSDAY
2018-04-20,120,6,FRIDAY
2018-04-21,120,7,SATURDAY
2018-04-22,121,1,SUNDAY
2018-04-23,121,2,MONDAY
2018-04-24,121,3,TUESDAY
2018-04-25,121,4,WEDNESDAY
2018-04-26,121,5,THURSDAY
2018-04-27,121,6,FRIDAY
2018-04-28,121,7,SATURDAY
2018-04-29,122,1,SUNDAY
2018-04-30,122,2,MONDAY
2018-05-01,122,3,TUESDAY
2018-05-02,122,4,WEDNESDAY
2018-05-03,122,5,THURSDAY
2018-05-04,122,6,FRIDAY
2018-05-05,122,7,SATURDAY
2018-05-06,123,1,SUNDAY
2018-05-07,123,2,MONDAY
2018-05-08,123,3,TUESDAY
2018-05-09,123,4,WEDNESDAY
2018-05-10,123,5,THURSDAY
2018-05-11,123,6,FRIDAY
2018-05-12,123,7,SATURDAY
2018-05-13,124,1,SUNDAY
2018-05-14,124,2,MONDAY
2018-05-15,124,3,TUESDAY
2018-05-16,124,4,WEDNESDAY
2018-05-17,124,5,THURSDAY
2018-05-18,124,6,FRIDAY
2018-05-19,124,7,SATURDAY
2018-05-20,125,1,SUNDAY
2018-05-21,125,2,MONDAY
2018-05-22,125,3,TUESDAY
2018-05-23,125,4,WEDNESDAY
2018-05-24,125,5,THURSDAY
2018-05-25,125,6,FRIDAY
2018-05-26,125,7,SATURDAY
2018-05-27,126,1,SUNDAY
2018-05-28,126,2,MONDAY
2018-05-29,126,3,TUESDAY
2018-05-30,126,4,WEDNESDAY
2018-05-31,126,5,THURSDAY
2018-06-01,126,6,FRIDAY
2018-06-02,126,7,SATURDAY
2018-06-03,127,1,SUNDAY
2018-06-04,127,2,MONDAY
2018-06-05,127,3,TUESDAY
2018-06-06,127,4,WEDNESDAY
2018-06-07,127,5,THURSDAY
2018-06-08,127,6,FRIDAY
2018-06-09,127,7,SATURDAY
2018-06-10,128,1,SUNDAY
2018-06-11,128,2,MONDAY
2018-06-12,128,3,TUESDAY
2018-06-13,128,4,WEDNESDAY
2018-06-14,128,5,THURSDAY
2018-06-15,128,6,FRIDAY
2018-06-16,128,7,SATURDAY
2018-06-17,129,1,SUNDAY
2018-06-18,129,2,MONDAY
2018-06-19,129,3,TUESDAY
2018-06-20,129,4,WEDNESDAY
2018-06-21,129,5,THURSDAY
2018-06-22,129,6,FRIDAY
2018-06-23,129,7,SATURDAY
2018-06-24,130,1,SUNDAY
2018-06-25,130,2,MONDAY
2018-06-26,130,3,TUESDAY
2018-06-27,130,4,WEDNESDAY
2018-06-28,130,5,THURSDAY
2018-06-29,130,6,FRIDAY
2018-06-30,130,7,SATURDAY
2018-07-01,131,1,SUNDAY
2018-07-02,131,2,MONDAY
2018-07-03,131,3,TUESDAY
2018-07-04,131,4,WEDNESDAY
2018-07-05,131,5,THURSDAY
2018-07-06,131,6,FRIDAY
2018-07-07,131,7,SATURDAY
2018-07-08,132,1,SUNDAY
2018-07-09,132,2,MONDAY
2018-07-10,132,3,TUESDAY
2018-07-11,132,4,WEDNESDAY
2018-07-12,132,5,THURSDAY
2018-07-13,132,6,FRIDAY
2018-07-14,132,7,SATURDAY
2018-07-15,133,1,SUNDAY
2018-07-16,133,2,MONDAY
2018-07-17,133,3,TUESDAY
2018-07-18,133,4,WEDNESDAY
2018-07-19,133,5,THURSDAY
2018-07-20,133,6,FRIDAY
2018-07-21,133,7,SATURDAY
2018-07-22,134,1,SUNDAY
2018-07-23,134,2,MONDAY
2018-07-24,134,3,TUESDAY
2018-07-25,134,4,WEDNESDAY
2018-07-26,134,5,THURSDAY
2018-07-27,134,6,FRIDAY
2018-07-28,134,7,SATURDAY
2018-07-29,135,1,SUNDAY
2018-07-30,135,2,MONDAY
2018-07-31,135,3,TUESDAY
2018-08-01,135,4,WEDNESDAY
2018-08-02,135,5,THURSDAY
2018-08-03,135,6,FRIDAY
2018-08-04,135,7,SATURDAY
2018-08-05,136,1,SUNDAY
2018-08-06,136,2,MONDAY
2018-08-07,136,3,TUESDAY
2018-08-08,136,4,WEDNESDAY
2018-08-09,136,5,THURSDAY
2018-08-10,136,6,FRIDAY
2018-08-11,136,7,SATURDAY
2018-08-12,137,1,SUNDAY
2018-08-13,137,2,MONDAY
2018-08-14,137,3,TUESDAY
2018-08-15,137,4,WEDNESDAY
2018-08-16,137,5,THURSDAY
2018-08-17,137,6,FRIDAY
2018-08-18,137,7,SATURDAY
2018-08-19,138,1,SUNDAY
2018-08-20,138,2,MONDAY
2018-08-21,138,3,TUESDAY
2018-08-22,138,4,WEDNESDAY
2018-08-23,138,5,THURSDAY
2018-08-24,138,6,FRIDAY
2018-08-25,138,7,SATURDAY
2018-08-26,139,1,SUNDAY
2018-08-27,139,2,MONDAY
2018-08-28,139,3,TUESDAY
2018-08-29,139,4,WEDNESDAY
2018-08-30,139,5,THURSDAY
2018-08-31,139,6,FRIDAY
2018-09-01,139,7,SATURDAY
2018-09-02,140,1,SUNDAY
2018-09-03,140,2,MONDAY
2018-09-04,140,3,TUESDAY
2018-09-05,140,4,WEDNESDAY
2018-09-06,140,5,THURSDAY
2018-09-07,140,6,FRIDAY
2018-09-08,140,7,SATURDAY
2018-09-09,141,1,SUNDAY
2018-09-10,141,2,MONDAY
2018-09-11,141,3,TUESDAY
2018-09-12,141,4,WEDNESDAY
2018-09-13,141,5,THURSDAY
2018-09-14,141,6,FRIDAY
2018-09-15,141,7,SATURDAY
2018-09-16,142,1,SUNDAY
2018-09-17,142,2,MONDAY
2018-09-18,142,3,TUESDAY
2018-09-19,142,4,WEDNESDAY
2018-09-20,142,5,THURSDAY
2018-09-21,142,6,FRIDAY
2018-09-22,142,7,SATURDAY
2018-09-23,143,1,SUNDAY
2018-09-24,143,2,MONDAY
2018-09-25,143,3,TUESDAY
2018-09-26,143,4,WEDNESDAY
2018-09-27,143,5,THURSDAY
2018-09-28,143,6,FRIDAY
2018-09-29,143,7,SATURDAY
2018-09-30,144,1,SUNDAY
2018-10-01,144,2,MONDAY
2018-10-02,144,3,TUESDAY
2018-10-03,144,4,WEDNESDAY
2018-10-04,144,5,THURSDAY
2018-10-05,144,6,FRIDAY
2018-10-06,144,7,SATURDAY
2018-10-07,145,1,SUNDAY
2018-10-08,145,2,MONDAY
2018-10-09,145,3,TUESDAY
2018-10-10,145,4,WEDNESDAY
2018-10-11,145,5,THURSDAY
2018-10-12,145,6,FRIDAY
2018-10-13,145,7,SATURDAY
2018-10-14,146,1,SUNDAY
2018-10-15,146,2,MONDAY
2018-10-16,146,3,TUESDAY
2018-10-17,146,4,WEDNESDAY
2018-10-18,146,5,THURSDAY
2018-10-19,146,6,FRIDAY
2018-10-20,146,7,SATURDAY
2018-10-21,147,1,SUNDAY
2018-10-22,147,2,MONDAY
2018-10-23,147,3,TUESDAY
2018-10-24,147,4,WEDNESDAY
2018-10-25,147,5,THURSDAY
2018-10-26,147,6,FRIDAY
2018-10-27,147,7,SATURDAY
2018-10-28,148,1,SUNDAY
2018-10-29,148,2,MONDAY
2018-10-30,148,3,TUESDAY
2018-10-31,148,4,WEDNESDAY
2018-11-01,148,5,THURSDAY
2018-11-02,148,6,FRIDAY
2018-11-03,148,7,SATURDAY
2018-11-04,149,1,SUNDAY
2018-11-05,149,2,MONDAY
2018-11-06,149,3,TUESDAY
2018-11-07,149,4,WEDNESDAY
2018-11-08,149,5,THURSDAY
2018-11-09,149,6,FRIDAY
2018-11-10,149,7,SATURDAY
2018-11-11,150,1,SUNDAY
2018-11-12,150,2,MONDAY
2018-11-13,150,3,TUESDAY
2018-11-14,150,4,WEDNESDAY
2018-11-15,150,5,THURSDAY
2018-11-16,150,6,FRIDAY
2018-11-17,150,7,SATURDAY
2018-11-18,151,1,SUNDAY
2018-11-19,151,2,MONDAY
2018-11-20,151,3,TUESDAY
2018-11-21,151,4,WEDNESDAY
2018-11-22,151,5,THURSDAY
2018-11-23,151,6,FRIDAY
2018-11-24,151,7,SATURDAY
2018-11-25,152,1,SUNDAY
2018-11-26,152,2,MONDAY
2018-11-27,152,3,TUESDAY
2018-11-28,152,4,WEDNESDAY
2018-11-29,152,5,THURSDAY
2018-11-30,152,6,FRIDAY
2018-12-01,152,7,SATURDAY
2018-12-02,153,1,SUNDAY
2018-12-03,153,2,MONDAY
2018-12-04,153,3,TUESDAY
2018-12-05,153,4,WEDNESDAY
2018-12-06,153,5,THURSDAY
2018-12-07,153,6,FRIDAY
2018-12-08,153,7,SATURDAY
2018-12-09,154,1,SUNDAY
2018-12-10,154,2,MONDAY
2018-12-11,154,3,TUESDAY
2018-12-12,154,4,WEDNESDAY
2018-12-13,154,5,THURSDAY
2018-12-14,154,6,FRIDAY
2018-12-15,154,7,SATURDAY
2018-12-16,155,1,SUNDAY
2018-12-17,155,2,MONDAY
2018-12-18,155,3,TUESDAY
2018-12-19,155,4,WEDNESDAY
2018-12-20,155,5,THURSDAY
2018-12-21,155,6,FRIDAY
2018-12-22,155,7,SATURDAY
2018-12-23,156,1,SUNDAY
2018-12-24,156,2,MONDAY
2018-12-25,156,3,TUESDAY
2018-12-26,156,4,WEDNESDAY
2018-12-27,156,5,THURSDAY
2018-12-28,156,6,FRIDAY
2018-12-29,156,7,SATURDAY
2018-12-30,157,1,SUNDAY
2018-12-31,157,2,MONDAY
2019-01-01,157,3,TUESDAY
2019-01-02,157,4,WEDNESDAY
2019-01-03,157,5,THURSDAY
2019-01-04,157,6,FRIDAY
2019-01-05,157,7,SATURDAY
2019-01-06,158,1,SUNDAY
2019-01-07,158,2,MONDAY
2019-01-08,158,3,TUESDAY
2019-01-09,158,4,WEDNESDAY
2019-01-10,158,5,THURSDAY
2019-01-11,158,6,FRIDAY
2019-01-12,158,7,SATURDAY
2019-01-13,159,1,SUNDAY
2019-01-14,159,2,MONDAY
2019-01-15,159,3,TUESDAY
2019-01-16,159,4,WEDNESDAY
2019-01-17,159,5,THURSDAY
2019-01-18,159,6,FRIDAY
2019-01-19,159,7,SATURDAY
2019-01-20,160,1,SUNDAY
2019-01-21,160,2,MONDAY
2019-01-22,160,3,TUESDAY
2019-01-23,160,4,WEDNESDAY
2019-01-24,160,5,THURSDAY
2019-01-25,160,6,FRIDAY
2019-01-26,160,7,SATURDAY
2019-01-27,161,1,SUNDAY
2019-01-28,161,2,MONDAY
2019-01-29,161,3,TUESDAY
2019-01-30,161,4,WEDNESDAY
2019-01-31,161,5,THURSDAY
2019-02-01,161,6,FRIDAY
2019-02-02,161,7,SATURDAY
2019-02-03,162,1,SUNDAY
2019-02-04,162,2,MONDAY
2019-02-05,162,3,TUESDAY
2019-02-06,162,4,WEDNESDAY
2019-02-07,162,5,THURSDAY
2019-02-08,162,6,FRIDAY
2019-02-09,162,7,SATURDAY
2019-02-10,163,1,SUNDAY
2019-02-11,163,2,MONDAY
2019-02-12,163,3,TUESDAY
2019-02-13,163,4,WEDNESDAY
2019-02-14,163,5,THURSDAY
2019-02-15,163,6,FRIDAY
2019-02-16,163,7,SATURDAY
2019-02-17,164,1,SUNDAY
2019-02-18,164,2,MONDAY
2019-02-19,164,3,TUESDAY
2019-02-20,164,4,WEDNESDAY
2019-02-21,164,5,THURSDAY
2019-02-22,164,6,FRIDAY
2019-02-23,164,7,SATURDAY
2019-02-24,165,1,SUNDAY
2019-02-25,165,2,MONDAY
2019-02-26,165,3,TUESDAY
2019-02-27,165,4,WEDNESDAY
2019-02-28,165,5,THURSDAY
2019-03-01,165,6,FRIDAY
2019-03-02,165,7,SATURDAY
2019-03-03,166,1,SUNDAY
2019-03-04,166,2,MONDAY
2019-03-05,166,3,TUESDAY
2019-03-06,166,4,WEDNESDAY
2019-03-07,166,5,THURSDAY
2019-03-08,166,6,FRIDAY
2019-03-09,166,7,SATURDAY
2019-03-10,167,1,SUNDAY
2019-03-11,167,2,MONDAY
2019-03-12,167,3,TUESDAY
2019-03-13,167,4,WEDNESDAY
2019-03-14,167,5,THURSDAY
2019-03-15,167,6,FRIDAY
2019-03-16,167,7,SATURDAY
2019-03-17,168,1,SUNDAY
2019-03-18,168,2,MONDAY
2019-03-19,168,3,TUESDAY
2019-03-20,168,4,WEDNESDAY
2019-03-21,168,5,THURSDAY
2019-03-22,168,6,FRIDAY
2019-03-23,168,7,SATURDAY
2019-03-24,169,1,SUNDAY
2019-03-25,169,2,MONDAY
2019-03-26,169,3,TUESDAY
2019-03-27,169,4,WEDNESDAY
2019-03-28,169,5,THURSDAY
2019-03-29,169,6,FRIDAY
2019-03-30,169,7,SATURDAY
2019-03-31,170,1,SUNDAY
2019-04-01,170,2,MONDAY
2019-04-02,170,3,TUESDAY
2019-04-03,170,4,WEDNESDAY
2019-04-04,170,5,THURSDAY
2019-04-05,170,6,FRIDAY
2019-04-06,170,7,SATURDAY
2019-04-07,171,1,SUNDAY
2019-04-08,171,2,MONDAY
2019-04-09,171,3,TUESDAY
2019-04-10,171,4,WEDNESDAY
2019-04-11,171,5,THURSDAY
2019-04-12,171,6,FRIDAY
2019-04-13,171,7,SATURDAY
2019-04-14,172,1,SUNDAY
2019-04-15,172,2,MONDAY
2019-04-16,172,3,TUESDAY
2019-04-17,172,4,WEDNESDAY
2019-04-18,172,5,THURSDAY
2019-04-19,172,6,FRIDAY
2019-04-20,172,7,SATURDAY
2019-04-21,173,1,SUNDAY
2019-04-22,173,2,MONDAY
2019-04-23,173,3,TUESDAY
2019-04-24,173,4,WEDNESDAY
2019-04-25,173,5,THURSDAY
2019-04-26,173,6,FRIDAY
2019-04-27,173,7,SATURDAY
2019-04-28,174,1,SUNDAY
2019-04-29,174,2,MONDAY
2019-04-30,174,3,TUESDAY
2019-05-01,174,4,WEDNESDAY
2019-05-02,174,5,THURSDAY
2019-05-03,174,6,FRIDAY
2019-05-04,174,7,SATURDAY
2019-05-05,175,1,SUNDAY
2019-05-06,175,2,MONDAY
2019-05-07,175,3,TUESDAY
2019-05-08,175,4,WEDNESDAY
2019-05-09,175,5,THURSDAY
2019-05-10,175,6,FRIDAY
2019-05-11,175,7,SATURDAY
2019-05-12,176,1,SUNDAY
2019-05-13,176,2,MONDAY
2019-05-14,176,3,TUESDAY
2019-05-15,176,4,WEDNESDAY
2019-05-16,176,5,THURSDAY
2019-05-17,176,6,FRIDAY
2019-05-18,176,7,SATURDAY
2019-05-19,177,1,SUNDAY
2019-05-20,177,2,MONDAY
2019-05-21,177,3,TUESDAY
2019-05-22,177,4,WEDNESDAY
2019-05-23,177,5,THURSDAY
2019-05-24,177,6,FRIDAY
2019-05-25,177,7,SATURDAY
2019-05-26,178,1,SUNDAY
2019-05-27,178,2,MONDAY
2019-05-28,178,3,TUESDAY
2019-05-29,178,4,WEDNESDAY
2019-05-30,178,5,THURSDAY
2019-05-31,178,6,FRIDAY
2019-06-01,178,7,SATURDAY
2019-06-02,179,1,SUNDAY
2019-06-03,179,2,MONDAY
2019-06-04,179,3,TUESDAY
2019-06-05,179,4,WEDNESDAY
2019-06-06,179,5,THURSDAY
2019-06-07,179,6,FRIDAY
2019-06-08,179,7,SATURDAY
2019-06-09,180,1,SUNDAY
2019-06-10,180,2,MONDAY
2019-06-11,180,3,TUESDAY
2019-06-12,180,4,WEDNESDAY
2019-06-13,180,5,THURSDAY
2019-06-14,180,6,FRIDAY
2019-06-15,180,7,SATURDAY
2019-06-16,181,1,SUNDAY
2019-06-17,181,2,MONDAY
2019-06-18,181,3,TUESDAY
2019-06-19,181,4,WEDNESDAY
2019-06-20,181,5,THURSDAY
2019-06-21,181,6,FRIDAY
2019-06-22,181,7,SATURDAY
2019-06-23,182,1,SUNDAY
2019-06-24,182,2,MONDAY
2019-06-25,182,3,TUESDAY
2019-06-26,182,4,WEDNESDAY
2019-06-27,182,5,THURSDAY
2019-06-28,182,6,FRIDAY
2019-06-29,182,7,SATURDAY
2019-06-30,183,1,SUNDAY
2019-07-01,183,2,MONDAY
2019-07-02,183,3,TUESDAY
2019-07-03,183,4,WEDNESDAY
2019-07-04,183,5,THURSDAY
2019-07-05,183,6,FRIDAY
2019-07-06,183,7,SATURDAY
2019-07-07,184,1,SUNDAY
2019-07-08,184,2,MONDAY
2019-07-09,184,3,TUESDAY
2019-07-10,184,4,WEDNESDAY
2019-07-11,184,5,THURSDAY
2019-07-12,184,6,FRIDAY
2019-07-13,184,7,SATURDAY
2019-07-14,185,1,SUNDAY
2019-07-15,185,2,MONDAY
2019-07-16,185,3,TUESDAY
2019-07-17,185,4,WEDNESDAY
2019-07-18,185,5,THURSDAY
2019-07-19,185,6,FRIDAY
2019-07-20,185,7,SATURDAY
2019-07-21,186,1,SUNDAY
2019-07-22,186,2,MONDAY
2019-07-23,186,3,TUESDAY
2019-07-24,186,4,WEDNESDAY
2019-07-25,186,5,THURSDAY
2019-07-26,186,6,FRIDAY
2019-07-27,186,7,SATURDAY
2019-07-28,187,1,SUNDAY
2019-07-29,187,2,MONDAY
2019-07-30,187,3,TUESDAY
2019-07-31,187,4,WEDNESDAY
2019-08-01,187,5,THURSDAY
2019-08-02,187,6,FRIDAY
2019-08-03,187,7,SATURDAY
2019-08-04,188,1,SUNDAY
2019-08-05,188,2,MONDAY
2019-08-06,188,3,TUESDAY
2019-08-07,188,4,WEDNESDAY
2019-08-08,188,5,THURSDAY
2019-08-09,188,6,FRIDAY
2019-08-10,188,7,SATURDAY
2019-08-11,189,1,SUNDAY
2019-08-12,189,2,MONDAY
2019-08-13,189,3,TUESDAY
2019-08-14,189,4,WEDNESDAY
2019-08-15,189,5,THURSDAY
2019-08-16,189,6,FRIDAY
2019-08-17,189,7,SATURDAY
2019-08-18,190,1,SUNDAY
2019-08-19,190,2,MONDAY
2019-08-20,190,3,TUESDAY
2019-08-21,190,4,WEDNESDAY
2019-08-22,190,5,THURSDAY
2019-08-23,190,6,FRIDAY
2019-08-24,190,7,SATURDAY
2019-08-25,191,1,SUNDAY
2019-08-26,191,2,MONDAY
2019-08-27,191,3,TUESDAY
2019-08-28,191,4,WEDNESDAY
2019-08-29,191,5,THURSDAY
2019-08-30,191,6,FRIDAY
2019-08-31,191,7,SATURDAY
2019-09-01,192,1,SUNDAY
2019-09-02,192,2,MONDAY
2019-09-03,192,3,TUESDAY
2019-09-04,192,4,WEDNESDAY
2019-09-05,192,5,THURSDAY
2019-09-06,192,6,FRIDAY
2019-09-07,192,7,SATURDAY
2019-09-08,193,1,SUNDAY
2019-09-09,193,2,MONDAY
2019-09-10,193,3,TUESDAY
2019-09-11,193,4,WEDNESDAY
2019-09-12,193,5,THURSDAY
2019-09-13,193,6,FRIDAY
2019-09-14,193,7,SATURDAY
2019-09-15,194,1,SUNDAY
2019-09-16,194,2,MONDAY
2019-09-17,194,3,TUESDAY
2019-09-18,194,4,WEDNESDAY
2019-09-19,194,5,THURSDAY
2019-09-20,194,6,FRIDAY
2019-09-21,194,7,SATURDAY
2019-09-22,195,1,SUNDAY
2019-09-23,195,2,MONDAY
2019-09-24,195,3,TUESDAY
2019-09-25,195,4,WEDNESDAY
2019-09-26,195,5,THURSDAY
2019-09-27,195,6,FRIDAY
2019-09-28,195,7,SATURDAY
2019-09-29,196,1,SUNDAY
2019-09-30,196,2,MONDAY
2019-10-01,196,3,TUESDAY
2019-10-02,196,4,WEDNESDAY
2019-10-03,196,5,THURSDAY
2019-10-04,196,6,FRIDAY
2019-10-05,196,7,SATURDAY
2019-10-06,197,1,SUNDAY
2019-10-07,197,2,MONDAY
2019-10-08,197,3,TUESDAY
2019-10-09,197,4,WEDNESDAY
2019-10-10,197,5,THURSDAY
2019-10-11,197,6,FRIDAY
2019-10-12,197,7,SATURDAY
2019-10-13,198,1,SUNDAY
2019-10-14,198,2,MONDAY
2019-10-15,198,3,TUESDAY
2019-10-16,198,4,WEDNESDAY
2019-10-17,198,5,THURSDAY
2019-10-18,198,6,FRIDAY
2019-10-19,198,7,SATURDAY
2019-10-20,199,1,SUNDAY
2019-10-21,199,2,MONDAY
2019-10-22,199,3,TUESDAY
2019-10-23,199,4,WEDNESDAY
2019-10-24,199,5,THURSDAY
2019-10-25,199,6,FRIDAY
2019-10-26,199,7,SATURDAY
2019-10-27,200,1,SUNDAY
2019-10-28,200,2,MONDAY
2019-10-29,200,3,TUESDAY
2019-10-30,200,4,WEDNESDAY
2019-10-31,200,5,THURSDAY
2019-11-01,200,6,FRIDAY
2019-11-02,200,7,SATURDAY
2019-11-03,201,1,SUNDAY
2019-11-04,201,2,MONDAY
2019-11-05,201,3,TUESDAY
2019-11-06,201,4,WEDNESDAY
2019-11-07,201,5,THURSDAY
2019-11-08,201,6,FRIDAY
2019-11-09,201,7,SATURDAY
2019-11-10,202,1,SUNDAY
2019-11-11,202,2,MONDAY
2019-11-12,202,3,TUESDAY
2019-11-13,202,4,WEDNESDAY
2019-11-14,202,5,THURSDAY
2019-11-15,202,6,FRIDAY
2019-11-16,202,7,SATURDAY
2019-11-17,203,1,SUNDAY
2019-11-18,203,2,MONDAY
2019-11-19,203,3,TUESDAY
2019-11-20,203,4,WEDNESDAY
2019-11-21,203,5,THURSDAY
2019-11-22,203,6,FRIDAY
2019-11-23,203,7,SATURDAY
2019-11-24,204,1,SUNDAY
2019-11-25,204,2,MONDAY
2019-11-26,204,3,TUESDAY
2019-11-27,204,4,WEDNESDAY
2019-11-28,204,5,THURSDAY
2019-11-29,204,6,FRIDAY
2019-11-30,204,7,SATURDAY
2019-12-01,205,1,SUNDAY
2019-12-02,205,2,MONDAY
2019-12-03,205,3,TUESDAY
2019-12-04,205,4,WEDNESDAY
2019-12-05,205,5,THURSDAY
2019-12-06,205,6,FRIDAY
2019-12-07,205,7,SATURDAY
2019-12-08,206,1,SUNDAY
2019-12-09,206,2,MONDAY
2019-12-10,206,3,TUESDAY
2019-12-11,206,4,WEDNESDAY
2019-12-12,206,5,THURSDAY
2019-12-13,206,6,FRIDAY
2019-12-14,206,7,SATURDAY
2019-12-15,207,1,SUNDAY
2019-12-16,207,2,MONDAY
2019-12-17,207,3,TUESDAY
2019-12-18,207,4,WEDNESDAY
2019-12-19,207,5,THURSDAY
2019-12-20,207,6,FRIDAY
2019-12-21,207,7,SATURDAY
2019-12-22,208,1,SUNDAY
2019-12-23,208,2,MONDAY
2019-12-24,208,3,TUESDAY
2019-12-25,208,4,WEDNESDAY
2019-12-26,208,5,THURSDAY
2019-12-27,208,6,FRIDAY
2019-12-28,208,7,SATURDAY
2019-12-29,209,1,SUNDAY
2019-12-30,209,2,MONDAY
2019-12-31,209,3,TUESDAY
2020-01-01,209,4,WEDNESDAY
2020-01-02,209,5,THURSDAY
2020-01-03,209,6,FRIDAY
2020-01-04,209,7,SATURDAY
2020-01-05,210,1,SUNDAY
2020-01-06,210,2,MONDAY
2020-01-07,210,3,TUESDAY
2020-01-08,210,4,WEDNESDAY
2020-01-09,210,5,THURSDAY
2020-01-10,210,6,FRIDAY
2020-01-11,210,7,SATURDAY
2020-01-12,211,1,SUNDAY
2020-01-13,211,2,MONDAY
2020-01-14,211,3,TUESDAY
2020-01-15,211,4,WEDNESDAY
2020-01-16,211,5,THURSDAY
2020-01-17,211,6,FRIDAY
2020-01-18,211,7,SATURDAY
2020-01-19,212,1,SUNDAY
2020-01-20,212,2,MONDAY
2020-01-21,212,3,TUESDAY
2020-01-22,212,4,WEDNESDAY
2020-01-23,212,5,THURSDAY
2020-01-24,212,6,FRIDAY
2020-01-25,212,7,SATURDAY
2020-01-26,213,1,SUNDAY
2020-01-27,213,2,MONDAY
2020-01-28,213,3,TUESDAY
2020-01-29,213,4,WEDNESDAY
2020-01-30,213,5,THURSDAY
2020-01-31,213,6,FRIDAY
2020-02-01,213,7,SATURDAY
2020-02-02,214,1,SUNDAY
2020-02-03,214,2,MONDAY
2020-02-04,214,3,TUESDAY
2020-02-05,214,4,WEDNESDAY
2020-02-06,214,5,THURSDAY
2020-02-07,214,6,FRIDAY
2020-02-08,214,7,SATURDAY
2020-02-09,215,1,SUNDAY
2020-02-10,215,2,MONDAY
2020-02-11,215,3,TUESDAY
2020-02-12,215,4,WEDNESDAY
2020-02-13,215,5,THURSDAY
2020-02-14,215,6,FRIDAY
2020-02-15,215,7,SATURDAY
2020-02-16,216,1,SUNDAY
2020-02-17,216,2,MONDAY
2020-02-18,216,3,TUESDAY
2020-02-19,216,4,WEDNESDAY
2020-02-20,216,5,THURSDAY
2020-02-21,216,6,FRIDAY
2020-02-22,216,7,SATURDAY
2020-02-23,217,1,SUNDAY
2020-02-24,217,2,MONDAY
2020-02-25,217,3,TUESDAY
2020-02-26,217,4,WEDNESDAY
2020-02-27,217,5,THURSDAY
2020-02-28,217,6,FRIDAY
2020-02-29,217,7,SATURDAY
2020-03-01,218,1,SUNDAY
2020-03-02,218,2,MONDAY
2020-03-03,218,3,TUESDAY
2020-03-04,218,4,WEDNESDAY
2020-03-05,218,5,THURSDAY
2020-03-06,218,6,FRIDAY
2020-03-07,218,7,SATURDAY
2020-03-08,219,1,SUNDAY
2020-03-09,219,2,MONDAY
2020-03-10,219,3,TUESDAY
2020-03-11,219,4,WEDNESDAY
2020-03-12,219,5,THURSDAY
2020-03-13,219,6,FRIDAY
2020-03-14,219,7,SATURDAY
2020-03-15,220,1,SUNDAY
2020-03-16,220,2,MONDAY
2020-03-17,220,3,TUESDAY
2020-03-18,220,4,WEDNESDAY
2020-03-19,220,5,THURSDAY
2020-03-20,220,6,FRIDAY
2020-03-21,220,7,SATURDAY
2020-03-22,221,1,SUNDAY
2020-03-23,221,2,MONDAY
2020-03-24,221,3,TUESDAY
2020-03-25,221,4,WEDNESDAY
2020-03-26,221,5,THURSDAY
2020-03-27,221,6,FRIDAY
2020-03-28,221,7,SATURDAY
2020-03-29,222,1,SUNDAY
2020-03-30,222,2,MONDAY
2020-03-31,222,3,TUESDAY
2020-04-01,222,4,WEDNESDAY
2020-04-02,222,5,THURSDAY
2020-04-03,222,6,FRIDAY
2020-04-04,222,7,SATURDAY
2020-04-05,223,1,SUNDAY
2020-04-06,223,2,MONDAY
2020-04-07,223,3,TUESDAY
2020-04-08,223,4,WEDNESDAY
2020-04-09,223,5,THURSDAY
2020-04-10,223,6,FRIDAY
2020-04-11,223,7,SATURDAY
2020-04-12,224,1,SUNDAY
2020-04-13,224,2,MONDAY
2020-04-14,224,3,TUESDAY
2020-04-15,224,4,WEDNESDAY
2020-04-16,224,5,THURSDAY
2020-04-17,224,6,FRIDAY
2020-04-18,224,7,SATURDAY
2020-04-19,225,1,SUNDAY
2020-04-20,225,2,MONDAY
2020-04-21,225,3,TUESDAY
2020-04-22,225,4,WEDNESDAY
2020-04-23,225,5,THURSDAY
2020-04-24,225,6,FRIDAY
2020-04-25,225,7,SATURDAY
2020-04-26,226,1,SUNDAY
2020-04-27,226,2,MONDAY
2020-04-28,226,3,TUESDAY
2020-04-29,226,4,WEDNESDAY
2020-04-30,226,5,THURSDAY
2020-05-01,226,6,FRIDAY
2020-05-02,226,7,SATURDAY
2020-05-03,227,1,SUNDAY
2020-05-04,227,2,MONDAY
2020-05-05,227,3,TUESDAY
2020-05-06,227,4,WEDNESDAY
2020-05-07,227,5,THURSDAY
2020-05-08,227,6,FRIDAY
2020-05-09,227,7,SATURDAY
2020-05-10,228,1,SUNDAY
2020-05-11,228,2,MONDAY
2020-05-12,228,3,TUESDAY
2020-05-13,228,4,WEDNESDAY
2020-05-14,228,5,THURSDAY
2020-05-15,228,6,FRIDAY
2020-05-16,228,7,SATURDAY
2020-05-17,229,1,SUNDAY
2020-05-18,229,2,MONDAY
2020-05-19,229,3,TUESDAY
2020-05-20,229,4,WEDNESDAY
2020-05-21,229,5,THURSDAY
2020-05-22,229,6,FRIDAY
2020-05-23,229,7,SATURDAY
2020-05-24,230,1,SUNDAY
2020-05-25,230,2,MONDAY
2020-05-26,230,3,TUESDAY
2020-05-27,230,4,WEDNESDAY
2020-05-28,230,5,THURSDAY
2020-05-29,230,6,FRIDAY
2020-05-30,230,7,SATURDAY
2020-05-31,231,1,SUNDAY
2020-06-01,231,2,MONDAY
2020-06-02,231,3,TUESDAY
2020-06-03,231,4,WEDNESDAY
2020-06-04,231,5,THURSDAY
2020-06-05,231,6,FRIDAY
2020-06-06,231,7,SATURDAY
2020-06-07,232,1,SUNDAY
2020-06-08,232,2,MONDAY
2020-06-09,232,3,TUESDAY
2020-06-10,232,4,WEDNESDAY
2020-06-11,232,5,THURSDAY
2020-06-12,232,6,FRIDAY
2020-06-13,232,7,SATURDAY
2020-06-14,233,1,SUNDAY
2020-06-15,233,2,MONDAY
2020-06-16,233,3,TUESDAY
2020-06-17,233,4,WEDNESDAY
2020-06-18,233,5,THURSDAY
2020-06-19,233,6,FRIDAY
2020-06-20,233,7,SATURDAY
2020-06-21,234,1,SUNDAY
2020-06-22,234,2,MONDAY
2020-06-23,234,3,TUESDAY
2020-06-24,234,4,WEDNESDAY
2020-06-25,234,5,THURSDAY
2020-06-26,234,6,FRIDAY
2020-06-27,234,7,SATURDAY
2020-06-28,235,1,SUNDAY
2020-06-29,235,2,MONDAY
2020-06-30,235,3,TUESDAY
2020-07-01,235,4,WEDNESDAY
2020-07-02,235,5,THURSDAY
2020-07-03,235,6,FRIDAY
2020-07-04,235,7,SATURDAY
2020-07-05,236,1,SUNDAY
2020-07-06,236,2,MONDAY
2020-07-07,236,3,TUESDAY
2020-07-08,236,4,WEDNESDAY
2020-07-09,236,5,THURSDAY
2020-07-10,236,6,FRIDAY
2020-07-11,236,7,SATURDAY
2020-07-12,237,1,SUNDAY
2020-07-13,237,2,MONDAY
2020-07-14,237,3,TUESDAY
2020-07-15,237,4,WEDNESDAY
2020-07-16,237,5,THURSDAY
2020-07-17,237,6,FRIDAY
2020-07-18,237,7,SATURDAY
2020-07-19,238,1,SUNDAY
2020-07-20,238,2,MONDAY
2020-07-21,238,3,TUESDAY
2020-07-22,238,4,WEDNESDAY
2020-07-23,238,5,THURSDAY
2020-07-24,238,6,FRIDAY
2020-07-25,238,7,SATURDAY
2020-07-26,239,1,SUNDAY
2020-07-27,239,2,MONDAY
2020-07-28,239,3,TUESDAY
2020-07-29,239,4,WEDNESDAY
2020-07-30,239,5,THURSDAY
2020-07-31,239,6,FRIDAY
2020-08-01,239,7,SATURDAY
2020-08-02,240,1,SUNDAY
2020-08-03,240,2,MONDAY
2020-08-04,240,3,TUESDAY
2020-08-05,240,4,WEDNESDAY
2020-08-06,240,5,THURSDAY
2020-08-07,240,6,FRIDAY
2020-08-08,240,7,SATURDAY
2020-08-09,241,1,SUNDAY
2020-08-10,241,2,MONDAY
2020-08-11,241,3,TUESDAY
2020-08-12,241,4,WEDNESDAY
2020-08-13,241,5,THURSDAY
2020-08-14,241,6,FRIDAY
2020-08-15,241,7,SATURDAY
2020-08-16,242,1,SUNDAY
2020-08-17,242,2,MONDAY
2020-08-18,242,3,TUESDAY
2020-08-19,242,4,WEDNESDAY
2020-08-20,242,5,THURSDAY
2020-08-21,242,6,FRIDAY
2020-08-22,242,7,SATURDAY
2020-08-23,243,1,SUNDAY
2020-08-24,243,2,MONDAY
2020-08-25,243,3,TUESDAY
2020-08-26,243,4,WEDNESDAY
2020-08-27,243,5,THURSDAY
2020-08-28,243,6,FRIDAY
2020-08-29,243,7,SATURDAY
2020-08-30,244,1,SUNDAY
2020-08-31,244,2,MONDAY
2020-09-01,244,3,TUESDAY
2020-09-02,244,4,WEDNESDAY
2020-09-03,244,5,THURSDAY
2020-09-04,244,6,FRIDAY
2020-09-05,244,7,SATURDAY
2020-09-06,245,1,SUNDAY
2020-09-07,245,2,MONDAY
2020-09-08,245,3,TUESDAY
2020-09-09,245,4,WEDNESDAY
2020-09-10,245,5,THURSDAY
2020-09-11,245,6,FRIDAY
2020-09-12,245,7,SATURDAY
2020-09-13,246,1,SUNDAY
2020-09-14,246,2,MONDAY
2020-09-15,246,3,TUESDAY
2020-09-16,246,4,WEDNESDAY
2020-09-17,246,5,THURSDAY
2020-09-18,246,6,FRIDAY
2020-09-19,246,7,SATURDAY
2020-09-20,247,1,SUNDAY
2020-09-21,247,2,MONDAY
2020-09-22,247,3,TUESDAY
2020-09-23,247,4,WEDNESDAY
2020-09-24,247,5,THURSDAY
2020-09-25,247,6,FRIDAY
2020-09-26,247,7,SATURDAY
2020-09-27,248,1,SUNDAY
2020-09-28,248,2,MONDAY
2020-09-29,248,3,TUESDAY
2020-09-30,248,4,WEDNESDAY
2020-10-01,248,5,THURSDAY
2020-10-02,248,6,FRIDAY
2020-10-03,248,7,SATURDAY
2020-10-04,249,1,SUNDAY
2020-10-05,249,2,MONDAY
2020-10-06,249,3,TUESDAY
2020-10-07,249,4,WEDNESDAY
2020-10-08,249,5,THURSDAY
2020-10-09,249,6,FRIDAY
2020-10-10,249,7,SATURDAY
2020-10-11,250,1,SUNDAY
2020-10-12,250,2,MONDAY
2020-10-13,250,3,TUESDAY
2020-10-14,250,4,WEDNESDAY
2020-10-15,250,5,THURSDAY
2020-10-16,250,6,FRIDAY
2020-10-17,250,7,SATURDAY
2020-10-18,251,1,SUNDAY
2020-10-19,251,2,MONDAY
2020-10-20,251,3,TUESDAY
2020-10-21,251,4,WEDNESDAY
2020-10-22,251,5,THURSDAY
2020-10-23,251,6,FRIDAY
2020-10-24,251,7,SATURDAY
2020-10-25,252,1,SUNDAY
2020-10-26,252,2,MONDAY
2020-10-27,252,3,TUESDAY
2020-10-28,252,4,WEDNESDAY
2020-10-29,252,5,THURSDAY
2020-10-30,252,6,FRIDAY
2020-10-31,252,7,SATURDAY
2020-11-01,253,1,SUNDAY
2020-11-02,253,2,MONDAY
2020-11-03,253,3,TUESDAY
2020-11-04,253,4,WEDNESDAY
2020-11-05,253,5,THURSDAY
2020-11-06,253,6,FRIDAY
2020-11-07,253,7,SATURDAY
2020-11-08,254,1,SUNDAY
2020-11-09,254,2,MONDAY
2020-11-10,254,3,TUESDAY
2020-11-11,254,4,WEDNESDAY
2020-11-12,254,5,THURSDAY
2020-11-13,254,6,FRIDAY
2020-11-14,254,7,SATURDAY
2020-11-15,255,1,SUNDAY
2020-11-16,255,2,MONDAY
2020-11-17,255,3,TUESDAY
2020-11-18,255,4,WEDNESDAY
2020-11-19,255,5,THURSDAY
2020-11-20,255,6,FRIDAY
2020-11-21,255,7,SATURDAY
2020-11-22,256,1,SUNDAY
2020-11-23,256,2,MONDAY
2020-11-24,256,3,TUESDAY
2020-11-25,256,4,WEDNESDAY
2020-11-26,256,5,THURSDAY
2020-11-27,256,6,FRIDAY
2020-11-28,256,7,SATURDAY
2020-11-29,257,1,SUNDAY
2020-11-30,257,2,MONDAY
2020-12-01,257,3,TUESDAY
2020-12-02,257,4,WEDNESDAY
2020-12-03,257,5,THURSDAY
2020-12-04,257,6,FRIDAY
2020-12-05,257,7,SATURDAY
2020-12-06,258,1,SUNDAY
2020-12-07,258,2,MONDAY
2020-12-08,258,3,TUESDAY
2020-12-09,258,4,WEDNESDAY
2020-12-10,258,5,THURSDAY
2020-12-11,258,6,FRIDAY
2020-12-12,258,7,SATURDAY
2020-12-13,259,1,SUNDAY
2020-12-14,259,2,MONDAY
2020-12-15,259,3,TUESDAY
2020-12-16,259,4,WEDNESDAY
2020-12-17,259,5,THURSDAY
2020-12-18,259,6,FRIDAY
2020-12-19,259,7,SATURDAY
2020-12-20,260,1,SUNDAY
2020-12-21,260,2,MONDAY
2020-12-22,260,3,TUESDAY
2020-12-23,260,4,WEDNESDAY
2020-12-24,260,5,THURSDAY
2020-12-25,260,6,FRIDAY
2020-12-26,260,7,SATURDAY
2020-12-27,261,1,SUNDAY
2020-12-28,261,2,MONDAY
2020-12-29,261,3,TUESDAY
2020-12-30,261,4,WEDNESDAY
2020-12-31,261,5,THURSDAY
2021-01-01,261,6,FRIDAY
2021-01-02,261,7,SATURDAY
2021-01-03,262,1,SUNDAY
2021-01-04,262,2,MONDAY
2021-01-05,262,3,TUESDAY
2021-01-06,262,4,WEDNESDAY
2021-01-07,262,5,THURSDAY
2021-01-08,262,6,FRIDAY
2021-01-09,262,7,SATURDAY
2021-01-10,263,1,SUNDAY
2021-01-11,263,2,MONDAY
2021-01-12,263,3,TUESDAY
2021-01-13,263,4,WEDNESDAY
2021-01-14,263,5,THURSDAY
2021-01-15,263,6,FRIDAY
2021-01-16,263,7,SATURDAY
2021-01-17,264,1,SUNDAY
2021-01-18,264,2,MONDAY
2021-01-19,264,3,TUESDAY
2021-01-20,264,4,WEDNESDAY
2021-01-21,264,5,THURSDAY
2021-01-22,264,6,FRIDAY
2021-01-23,264,7,SATURDAY
2021-01-24,265,1,SUNDAY
2021-01-25,265,2,MONDAY
2021-01-26,265,3,TUESDAY
2021-01-27,265,4,WEDNESDAY
2021-01-28,265,5,THURSDAY
2021-01-29,265,6,FRIDAY
2021-01-30,265,7,SATURDAY
2021-01-31,266,1,SUNDAY
2021-02-01,266,2,MONDAY
2021-02-02,266,3,TUESDAY
2021-02-03,266,4,WEDNESDAY
2021-02-04,266,5,THURSDAY
2021-02-05,266,6,FRIDAY
2021-02-06,266,7,SATURDAY
2021-02-07,267,1,SUNDAY
2021-02-08,267,2,MONDAY
2021-02-09,267,3,TUESDAY
2021-02-10,267,4,WEDNESDAY
2021-02-11,267,5,THURSDAY
2021-02-12,267,6,FRIDAY
2021-02-13,267,7,SATURDAY
2021-02-14,268,1,SUNDAY
2021-02-15,268,2,MONDAY
2021-02-16,268,3,TUESDAY
2021-02-17,268,4,WEDNESDAY
2021-02-18,268,5,THURSDAY
2021-02-19,268,6,FRIDAY
2021-02-20,268,7,SATURDAY
2021-02-21,269,1,SUNDAY
2021-02-22,269,2,MONDAY
2021-02-23,269,3,TUESDAY
2021-02-24,269,4,WEDNESDAY
2021-02-25,269,5,THURSDAY
2021-02-26,269,6,FRIDAY
2021-02-27,269,7,SATURDAY
2021-02-28,270,1,SUNDAY
2021-03-01,270,2,MONDAY
2021-03-02,270,3,TUESDAY
2021-03-03,270,4,WEDNESDAY
2021-03-04,270,5,THURSDAY
2021-03-05,270,6,FRIDAY
2021-03-06,270,7,SATURDAY
2021-03-07,271,1,SUNDAY
2021-03-08,271,2,MONDAY
2021-03-09,271,3,TUESDAY
2021-03-10,271,4,WEDNESDAY
2021-03-11,271,5,THURSDAY
2021-03-12,271,6,FRIDAY
2021-03-13,271,7,SATURDAY
2021-03-14,272,1,SUNDAY
2021-03-15,272,2,MONDAY
2021-03-16,272,3,TUESDAY
2021-03-17,272,4,WEDNESDAY
2021-03-18,272,5,THURSDAY
2021-03-19,272,6,FRIDAY
2021-03-20,272,7,SATURDAY
2021-03-21,273,1,SUNDAY
2021-03-22,273,2,MONDAY
2021-03-23,273,3,TUESDAY
2021-03-24,273,4,WEDNESDAY
2021-03-25,273,5,THURSDAY
2021-03-26,273,6,FRIDAY
2021-03-27,273,7,SATURDAY
2021-03-28,274,1,SUNDAY
2021-03-29,274,2,MONDAY
2021-03-30,274,3,TUESDAY
2021-03-31,274,4,WEDNESDAY
2021-04-01,274,5,THURSDAY
2021-04-02,274,6,FRIDAY
2021-04-03,274,7,SATURDAY
2021-04-04,275,1,SUNDAY
2021-04-05,275,2,MONDAY
2021-04-06,275,3,TUESDAY
2021-04-07,275,4,WEDNESDAY
2021-04-08,275,5,THURSDAY
2021-04-09,275,6,FRIDAY
2021-04-10,275,7,SATURDAY
2021-04-11,276,1,SUNDAY
2021-04-12,276,2,MONDAY
2021-04-13,276,3,TUESDAY
2021-04-14,276,4,WEDNESDAY
2021-04-15,276,5,THURSDAY
2021-04-16,276,6,FRIDAY
2021-04-17,276,7,SATURDAY
2021-04-18,277,1,SUNDAY
2021-04-19,277,2,MONDAY
2021-04-20,277,3,TUESDAY
2021-04-21,277,4,WEDNESDAY
2021-04-22,277,5,THURSDAY
2021-04-23,277,6,FRIDAY
2021-04-24,277,7,SATURDAY
2021-04-25,278,1,SUNDAY
2021-04-26,278,2,MONDAY
2021-04-27,278,3,TUESDAY
2021-04-28,278,4,WEDNESDAY
2021-04-29,278,5,THURSDAY
2021-04-30,278,6,FRIDAY
2021-05-01,278,7,SATURDAY